"challenge","count"
"reducing CO2 emissions","2"
"fiscal restrictions","1"
"institutional barriers","1"
"technology limitations","1"
"energy transition","1"
"pollution emissions","1"
"institutional fragmentation","1"
"equity concerns","1"
"technical constraints","1"
"developing energy models that include all aspects of energy and development","1"
"sustainable economic growth","1"
"sustainable energy transition","1"
"energy aid allocation","1"
"integration of high shares of renewable energy","1"
"cost-optimal system design","1"
"reducing operating costs","1"
"reducing carbon emissions","1"
"Electricity cost minimization","1"
"Load disruptions","1"
"energy fluctuation of the main grid","1"
"privacy protection","1"
"operating cost reduction","1"
"Limited access to private energy data","1"
"Generating high-quality synthetic energy data","1"
"environmental damage","1"
"economic and environmental consequences","1"
"high energy consumption","1"
"increased carbon emissions","1"
"degradation of heat-sensitive phytochemicals","1"
"limited process optimization","1"
"scalability constraints","1"
"inadequate long-term techno-economic assessment","1"
"high initial investment and maintenance costs","1"
"policy and regulatory barriers","1"
"spatial heterogeneity","1"
"institutional diversity","1"
"structural dependence on coal-based energy systems","1"
"contamination risks","1"
"stringent operational requirements","1"
"high downstream costs","1"
"technical issues","1"
"environmental effects","1"
"policy issues","1"
"energy poverty","1"
"emissions reduction","1"
